No,Nama Material,Kode Normalisasi,Satuan,Stok
1,BOX 105 KVA - BOX;APPMCCB160A+STRIP;AL2MM;1205X420X250,4120470,SET,4
2,BOX 147 KVA - BOX;APPMCCB225A+STRIP;AL2MM;1205X420X250,4120472,BH,0
3,BOX 164 KVA - BOX;APPMCCB250A+STRIP;AL2MM;1205X420X250,4120473,BH,0
4,BOX 197 KVA - BOX;APPMCCB300A+STRIP;AL2MM;1205X420X250,4120474,BH,11
5,BOX 53KVA - BOX;APPMCCB80A+STRIP;AL2MM;1205X420X250,4120467,M,3
6,BOX 66KVA - BOX;APPMCCB100A+STRIP;AL2MM;1205X420X250,4120468,BH,6
7,"BOX 82,5 KVA - BOX;APPMCCB125A+STRIP;AL2MM;1205X420X250",4120469,BH,0
8,BOX TR - BOX;APP PL CB;AL1.6MM;650X400X220MM,4120538,BH,125
9,BOX;LVMDP ;ST PLATE 2mm;80X90X40cm,4120079,BH,0
10,BOX;LVSDP;CABANG;STPLATE 2MM;80X107X30CM,4120453,BH,5
11,CABLE PWR ACC;CABLE SHOE AL-CU 1H 150mm2,3120159,BH,1000
12,CABLE PWR ACC;CABLE SHOE AL-CU 1H 35mm2,3120154,BH,25
13,CABLE PWR ACC;CABLE SHOE AL-CU 1H 70mm2,3120156,BH,0
14,CABLE PWR ACC;CABLE SHOE AL-CU 2H 150mm2,3120171,BH,0
15,CABLE PWR ACC;CABLE SHOE CU ID 1H 10mm2,3120223,BH,0
16,CABLE PWR ACC;CABLE SHOE CU ID 1H 150mm2,3120231,BH,90
17,CABLE PWR ACC;CABLE SHOE CU ID 1H 35mm2,3120226,BH,0
18,CABLE PWR ACC;CABLE SHOE CU ID 1H 50mm2,3120227,BH,0
19,CABLE PWR ACC;CABLE SHOE CU ID 1H 70mm2,3120228,BH,100
20,CABLE PWR ACC;DEAD END ASSY FIXED 70mm,3120038,BH,0
21,CABLE PWR ACC;LARGE ANGLE ASSY  70mm,3120058,BH,0
22,CABLE PWR;NA2XSEYBY;3X150mm2;20kV;UG,3110014,BH,0
23,CABLE PWR;NA2XSEYBY;3X240mm2;20kV;UG,3110015,BH,0
24,CABLE PWR;NFA2X-T;3X35+1X35;0.6/1kV;OH,3110039,BH,0
25,CABLE PWR;NFA2X-T;3X70+1X70;0.6/1kV;OH,3110542,BH,14000
26,CABLE PWR;NFA2X;2X10mm2;0.6/1kV;OH,3110025,BH,45000
27,CABLE PWR;NFA2X;2X16mm2;0.6/1kV;OH,3110026,BH,3000
28,CABLE PWR;NFA2X;4X16mm2;0.6/1kV;OH,3110029,BH,5000
29,CABLE PWR;NFA2X;4X25mm2;0.6/1kV;OH,3110030,BH,7300
30,CABLE PWR;NFA2XSY-T;3X150+1X95;20kV;OH,3110034,BH,0
31,CABLE PWR;NYY;1X150mm2;0.6/1kV;Opstig,3110516,BH,1500
32,CABLE PWR;NYY;4X70mm2;0.6/1kV;Opstig,3110518,BH,3000
33,CLAMP;PG;CU;50mm2;BOLT,2230042,BH,0
34,COND ACC;ALL BINDING WIRE 2.0mm2,3060192,BH,0
35,COND ACC;ALL BINDING WIRE 4.0MM2,3061272,BH,200
36,COND ACC;COMP JOINT INTS COVER 35mm2,3060644,BH,2000
37,COND ACC;COMP JOINT INTS COVER70mm2,3060642,BH,1000
38,COND ACC;DOUBLE SIDE TIE 150mm2,3060382,BH,1000
39,COND ACC;EXT GROUND WIRE TYPE A,3061804,BH,0
40,COND ACC;EXT GROUND WIRE TYPE B,3061805,BH,0
41,COND ACC;JOINT SLEEVE AL 150mm2,3060145,BH,500
42,COND ACC;JOINT SLEEVE AL 185mm2,3060409,BH,0
43,COND ACC;JOINT SLEEVE AL 70mm2,3060143,BH,400
44,COND ACC;JOINT SLEEVE ALCU 70mm2,3060233,BH,300
45,COND ACC;NON TENSION JOINT AL 150mm2,3060132,BH,100
46,COND ACC;NON TENSION JOINT AL 240mm2,3060133,BH,0
47,COND ACC;NON TENSION JOINT AL 70mm2,3060130,BH,100
48,COND ACC;PLSTIC TREE GUARD 150MM2,3060051,BH,0
49,COND ACC;PLSTIC TREE GUARD 240mm2,3060152,BH,0
50,COND ACC;PLSTIC TREE GUARD 70MM2,3060050,BH,0
51,COND ACC;SIDE TIE 150mm2,3060504,BH,500
52,COND ACC;TOP TIES 150MM2,3060677,BH,0
53,CONDUCTOR;AAAC-S;150mm2;,3050084,BH,2000
54,CONDUCTOR;AAAC;70mm2;21.07kN,3050004,BH,996
55,CONN;1KV;CCO;AL;35-50/10-16;INSUL;PITA,3280456,BH,2000
56,CONN;1KV;CCO;AL;35-50/35-50;INSUL;PITA,3280457,BH,500
57,CONN;1KV;CCO;AL;35-70/10-16;INSUL;PITA,3280458,BH,1500
58,CONN;1KV;CCO;AL;50-70/50-70;INSUL;PITA,3280459,BH,400
59,CONN;1KV;CCO;AL;70-95/10-16;INSUL;PITA,3280460,BH,1500
60,CONN;1KV;CCO;AL;70-95/25-35;INSUL;PITA,3280461,BH,0
61,CONN;1KV;CCO;AL;70-95/70-95;INSUL;PITA,3280474,BH,0
62,CONN;1kV;CCO;AL;120-150/50-70mm2;PRS;,3280282,BH,0
63,CONN;20KV;CCO;AL;150-150MM2;PRS;,3280466,BH,30
64,CONN;20KV;LLC;AL;70-150mm2; BOLT,3280129,BH,800
65,CONN;20kV;CCO;AL;70-150mm2;PRS,3280384,BH,300
66,CONN;20kV;LLC;AL;240/150MM2;PRS;2BOLT,3280186,BH,0
67,CONN;20kV;LLC;AL;35-70mm2;PRS;2BOLT,3280158,BH,0
68,CT;380/220V;SQUARE;100/5A;0.5;5VA;P,2050128,BH,50
69,CT;380/220V;SQUARE;150/5A;0.5;5VA;P,2050133,BH,50
70,CT;380/220V;SQUARE;200/5A;0.5;5VA;P,2050136,BH,50
71,CT;380/220V;SQUARE;250/5A;0.5;5VA;P,2050139,BH,50
72,CT;380/220V;SQUARE;300/5A;0.5;5VA;P,2050142,BH,50
73,CT;380/220V;SQUARE;300/5A;0.5S;2.5VA;P,2050808,BH,50
74,CUB ACC;HEATER 50W + THERMOSTAT,2160146,BH,0
75,CUB;N ISO;LBS INC;20kV;630A;16kA;,2150082,BH,0
76,CUT OUT ACC;COVER CUT OUT ATAS,3200055,BH,45
77,CUT OUT ACC;COVER CUT OUT BAWAH,3200054,BH,45
78,CUT OUT ACC;FUSE LINK 20kV 10A,3200002,BH,481
79,CUT OUT ACC;FUSE LINK 20kV 12A,3200003,BH,350
80,CUT OUT ACC;FUSE LINK 20kV 15A,3200004,BH,355
81,CUT OUT ACC;FUSE LINK 20kV 20A,3200005,BH,253
82,CUT OUT ACC;FUSE LINK 20kV 25A,3200007,BH,265
83,CUT OUT ACC;FUSE LINK 20kV 2A,3200008,BH,654
84,CUT OUT ACC;FUSE LINK 20kV 3A,3200010,BH,1119
85,CUT OUT ACC;FUSE LINK 20kV 5A,3200018,BH,496
86,CUT OUT ACC;FUSE LINK 20kV 6A,3200015,BH,1489
87,CUT OUT ACC;FUSE LINK 20kV 8A,3200017,BH,323
88,CUT OUT;20kV;6-100A;10kA;125kV,3190002,BH,2
89,DS;K;20kV;3P;630A;;;OD,2030022,BH,0
90,FUSE;380/220V;100A;SQUARE;1,2240024,BH,300
91,FUSE;380/220V;125A;SQUARE;1,2240029,BH,590
92,FUSE;380/220V;160A;SQUARE;1,2240035,BH,600
93,FUSE;380/220V;200A;SQUARE;1,2240038,BH,410
94,FUSE;380/220V;250A;SQUARE;1,2240044,BH,420
95,FUSE;380/220V;300A;SQUARE;2,2240048,BH,350
96,FUSE;380/220V;355A;SQUARE;2,2240050,BH,0
97,FUSE;380/220V;400A;SQUARE;2,2240055,BH,310
98,FUSE;380/220V;63A;SQUARE;1,2240067,BH,270
99,FUSE;380/220V;80A;SQUARE;1,2240072,BH,270
100,ISOLATOR ACC;STRAIN CLAMP 70-150MM2,3080015,BH,95
101,ISOLATOR;PINPOST;PORC;24KV;;12.5kN,3070151,BH,0
102,ISOLATOR;STRAIN KAP PIN;PORC;24KV;;70kN,3070160,BH,1
103,ISOLATOR;SUSP;POLYMER;24KV;;70kN,3070154,BH,0
104,LA;20-24kV;K;10kA;POLYMER;;,2090032,BH,204
105,LVSB;DIST;3P;400V;250A;2LINE;OD,3260161,BH,15
106,LVSB;DIST;3P;400V;400A;4LINE;OD,3260238,BH,44
107,MCB;230/400V;1P;10A;50Hz;,3250052,BH,1550
108,MCB;230/400V;1P;16A;50Hz;,3250054,BH,419
109,MCB;230/400V;1P;20A;50Hz;,3250056,BH,48
110,MCB;230/400V;1P;25A;50Hz;,3250058,BH,5
111,MCB;230/400V;1P;2A;50Hz;,3250046,BH,265
112,MCB;230/400V;1P;35A;50Hz;,3250059,BH,533
113,MCB;230/400V;1P;4A;50Hz;,3250048,BH,1736
114,MCB;230/400V;1P;50A;50Hz;,3250060,BH,80
115,MCB;230/400V;1P;6A;50Hz;,3250050,BH,4728
116,MCB;230/400V;3P;10A;50Hz;,3250097,BH,171
117,MCB;230/400V;3P;16A;50Hz;,3250099,BH,150
118,MCB;230/400V;3P;20A;50Hz;,3250100,BH,317
119,MCB;230/400V;3P;25A;50Hz;,3250102,BH,173
120,MCB;230/400V;3P;35A;50Hz;,3250103,BH,188
121,MCB;230/400V;3P;63A;50HZ;MCCB+SHUNTTRIP,3250292,BH,0
122,MCB;230/415V;3P;100A;50Hz;MCCB+SHUNTTRIP,3250301,BH,27
123,MCB;230/415V;3P;125A;50Hz;MCCB+SHUNTTRIP,3250302,BH,28
124,MCB;230/415V;3P;160A;50Hz;MCCB+SHUNTTRIP,3250303,BH,26
125,MCB;230/415V;3P;200A;50Hz;MCCB+SHUNTTRIP,3250296,BH,2
126,MCB;230/415V;3P;225A;50Hz;MCCB+SHUNTTRIP,3250297,BH,6
127,MCB;230/415V;3P;250A;50Hz;MCCB+SHUNTTRIP,3250298,BH,6
128,MCB;230/415V;3P;300A;50Hz;MCCB+SHUNTTRIP,3250299,BH,16
129,MCB;380/440V;3P;50A;50Hz;,3250029,BH,0
130,MCB;380/440V;3P;63A;50Hz;MCCB,3250032,BH,4
131,MTR ACC;MODEM 4G LTE,2200125,BH,0
132,MTR ACC;SEGEL PUTAR PLASTIC,2200016,BH,14444
133,MTR;kWH E-PR;;1P;230V;5-60A;1;;2W,2190224,BH,204
134,MTR;kWH E-PR;;3P;230/400V;5-80A;1;;4W,2190252,BH,618
135,MTR;kWH E;;1P;230V;5-60A;1;;2W,2190502,BH,455
136,MTR;kWH E;;3P;230/400V;5-80A;1;;4W,2190218,BH,620
137,MTR;kWHE;;3P;57.7/100V-230/400;5A;0.5;4W,2190438,BH,69
138,POLE ACC;CONNECTION CLAMP NETRAL 35MM2,3040883,BH,0
139,POLE ACC;CR ARM A1 UNP100X50X5X2000mm GA (TUMPU),3040325,BH,0
140,POLE ACC;CR ARM A3 UNP100X50X5X2000mm GA (TARIK),3040327,BH,0
141,POLE ACC;CR ARM UNP100X50X5X2500mm GALV,3040246,BH,187
142,POLE ACC;CR ARM UNP100X50X5X3000mm GALV,3040247,BH,19
143,STRINGSET ACC;STRAIN CLAMP 150-240 mm2,3100061,BH,1965
144,TANG INGGRIS 20026-08,202608,PACK,0
145,TRF ACC;DUDUKAN TRFCANTOL-PIPA KBL-LA-CO,1060798,BH,0
146,TRF ACC;DUDUKAN TRFPORTAL-PIPA KBL-LA-CO,1060799,BH,0
147,TRF DIS;D3;20kV/400V;3P;100kVA;YZN5;OD,1030074,BH,0
148,TRF DIS;D3;20kV/400V;3P;160kVA;YZN5;OD,1030075,BH,3
149,TRF DIS;D3;20kV/400V;3P;250kVA;DYN5;OD,1030077,BH,3
150,UNIV ACC;COVER ARRESTER,4190647,BH,1
151,UNIV ACC;COVER BUSHING TRAFO,4190646,BH,21
